stratum,n_clips,n_videos,transformer_chrF2,tcn_chrF2,gap_chrF2,gap_chrF2_ci95,transformer_BLEU4,tcn_BLEU4,gap_BLEU4,gap_BLEU4_ci95
all,6068,260,18.94,21.1,2.16,"[+1.88, +2.46]",2.97,3.94,0.98,"[+0.77, +1.18]"
frames <=128f,1814,196,17.74,20.02,2.28,"[+1.65, +3.00]",3.7,4.82,1.13,"[+0.66, +1.66]"
frames 129-256f,2822,219,19.29,21.43,2.14,"[+1.75, +2.50]",2.97,4.05,1.07,"[+0.76, +1.39]"
frames >256f,1432,228,19.19,21.32,2.13,"[+1.76, +2.53]",2.39,3.11,0.72,"[+0.34, +1.10]"
ref_words ref<=9w,2250,227,18.19,20.73,2.54,"[+1.89, +3.30]",3.15,4.25,1.09,"[+0.67, +1.56]"
ref<=9w x <=128f,1303,184,17.82,19.92,2.1,"[+1.35, +3.08]",3.7,4.85,1.15,"[+0.57, +1.90]"
ref<=9w x 129-256f,794,193,18.69,21.73,3.05,"[+2.13, +4.04]",2.51,3.73,1.21,"[+0.58, +1.83]"
ref<=9w x >256f,153,85,18.32,21.29,2.96,"[+1.59, +4.54]",2.63,2.91,0.28,"[-0.40, +0.87]"
ref_words ref10-13w,1851,215,19.72,21.97,2.25,"[+1.79, +2.71]",2.96,4.13,1.16,"[+0.74, +1.55]"
ref10-13w x <=128f,397,144,17.9,20.09,2.19,"[+1.21, +3.22]",3.14,3.94,0.8,"[+0.18, +1.45]"
ref10-13w x 129-256f,1062,194,20.24,22.54,2.3,"[+1.69, +2.90]",2.98,4.41,1.44,"[+0.86, +1.99]"
ref10-13w x >256f,392,163,19.91,22.08,2.17,"[+1.25, +3.05]",2.57,3.24,0.68,"[-0.24, +1.53]"
ref_words ref>13w,1967,199,18.8,20.72,1.92,"[+1.54, +2.31]",2.48,3.2,0.72,"[+0.41, +1.05]"
ref>13w x <=128f,114,63,16.84,20.38,3.54,"[+1.84, +5.28]",2.25,4.05,1.79,"[+0.45, +3.30]"
ref>13w x 129-256f,966,179,18.77,20.4,1.64,"[+1.04, +2.24]",2.79,3.39,0.6,"[+0.07, +1.13]"
ref>13w x >256f,887,189,19.03,21.07,2.04,"[+1.60, +2.49]",2.16,2.88,0.71,"[+0.30, +1.13]"
cap-hit (512f),77,60,18.43,19.46,1.03,"[-0.84, +2.76]",1.7,2.22,0.52,"[-0.88, +1.82]"
not cap-hit,5991,250,18.95,21.13,2.18,"[+1.89, +2.48]",2.99,3.97,0.98,"[+0.77, +1.20]"
