signal,direction_from_val,spearman_val,spearman_test,auroc_failure_test,chrF2@100%,chrF2@80%,chrF2@60%,chrF2@40%,chrF2@20%,fail@100%,fail@80%,fail@60%,fail@40%,fail@20%
seed_agreement,+,0.583,0.555,0.766,23.97,25.24,26.92,29.26,33.25,47.7,39.6,31.5,23.6,17.5
consensus,+,0.62,0.587,0.778,23.97,25.23,26.9,29.23,33.65,47.7,39.3,30.9,23.9,15.0
avg_logprob,+,0.455,0.459,0.735,23.97,25.17,26.69,28.97,33.19,47.7,41.1,33.9,26.1,18.8
margin,-,0.043,0.037,0.52,23.97,24.12,24.15,23.92,23.57,47.7,46.5,45.8,46.7,48.4
nbest_agreement,+,0.169,0.147,0.579,23.97,24.34,24.54,24.8,25.11,47.7,45.3,43.5,41.2,38.5
src_frames,+,0.177,0.193,0.61,23.97,24.35,24.44,24.43,24.56,47.7,43.4,40.6,39.6,37.4
combined,+,0.554,0.535,0.764,23.97,25.04,26.38,28.28,32.02,47.7,40.1,32.3,24.1,15.1
oracle,+,,1.0,0.903,23.97,26.0,28.81,32.99,40.37,47.7,36.3,22.1,10.1,2.6
random,+,,0.022,0.506,23.97,23.99,24.1,24.29,24.26,47.7,47.8,47.5,46.8,46.9
