idx,uid,frames,wrong_length_idx,wrong_topic_idx,topic_sim,cross_idx
135,30December_2010_Thursday_tagesschau-2236,152,428,364,0.4067,1255
10,12February_2010_Friday_tagesschau-126,103,239,340,0.2526,1532
171,08February_2010_Monday_tagesschau-2796,102,125,347,0.4868,5266
362,17February_2011_Thursday_tagesschau-6307,141,428,55,0.1942,808
40,29May_2011_Sunday_tagesschau-764,57,433,293,0.419,5465
256,22June_2011_Wednesday_heute-4381,217,233,43,0.0622,2447
15,24November_2011_Thursday_heute-222,101,273,210,0.1799,4076
342,04October_2010_Monday_heute-5954,77,241,146,0.1155,792
348,13February_2010_Saturday_tagesschau-6044,132,483,494,0.3587,3871
220,23April_2010_Friday_tagesschau-3667,126,22,13,0.6391,4735
199,27August_2009_Thursday_tagesschau-3284,45,286,103,0.2038,3692
421,31October_2009_Saturday_tagesschau-7147,140,352,137,0.4981,2839
393,12November_2009_Thursday_tagesschau-6770,112,14,363,0.2365,5353
268,30November_2010_Tuesday_tagesschau-4617,95,380,60,0.1497,1369
13,28November_2011_Monday_tagesschau-168,108,10,167,0.4154,401
281,21November_2009_Saturday_tagesschau-4911,117,392,326,0.2141,836
302,08October_2009_Thursday_tagesschau-5348,87,306,291,0.214,5336
367,10January_2011_Monday_tagesschau-6409,80,486,139,0.3726,1186
237,30September_2012_Sunday_tagesschau-4038,133,30,170,0.3988,2839
57,29October_2009_Thursday_tagesschau-1011,72,429,111,0.2214,4109
246,08December_2009_Tuesday_heute-4212,43,42,450,0.2283,4688
465,13May_2010_Thursday_tagesschau-7916,88,196,4,0.6588,979
264,01July_2009_Wednesday_tagesschau-4555,94,215,501,0.1979,5264
336,12December_2011_Monday_heute-5806,75,506,146,0.1545,761
286,01February_2011_Tuesday_tagesschau-4975,42,229,450,0.2786,4898
473,16January_2010_Saturday_tagesschau-8073,210,205,350,0.2394,1537
127,17October_2009_Saturday_tagesschau-2139,31,78,8,0.0,4609
120,06July_2009_Monday_tagesschau-2109,161,475,399,0.1744,1288
183,01December_2011_Thursday_heute-3060,169,112,508,0.2749,736
75,31January_2010_Sunday_tagesschau-1333,134,68,220,0.4748,4500
217,02December_2010_Thursday_tagesschau-3636,61,133,31,0.2189,5228
288,28February_2011_Monday_tagesschau-4984,126,305,509,0.2907,4930
475,07April_2011_Thursday_tagesschau-8102,147,288,92,0.5287,4293
116,02November_2010_Tuesday_tagesschau-2031,124,420,226,0.145,162
36,06October_2010_Wednesday_tagesschau-632,191,282,416,0.2277,2632
454,29June_2010_Tuesday_tagesschau-7705,69,148,359,0.128,2762
208,02October_2012_Tuesday_heute-3494,143,237,226,0.1489,2798
300,23August_2010_Monday_heute-5320,130,434,69,0.2232,4754
412,19January_2011_Wednesday_tagesschau-7068,98,332,485,0.4825,4468
391,01April_2010_Thursday_heute-6697,60,484,299,0.0897,4498
245,08December_2009_Tuesday_heute-4211,31,122,8,0.0,4609
357,30November_2011_Wednesday_tagesschau-6291,52,225,199,0.3091,3692
432,20March_2010_Saturday_heute-7296,132,326,237,0.2154,72
247,08December_2009_Tuesday_heute-4213,51,341,284,0.0939,5455
476,29March_2011_Tuesday_tagesschau-8117,107,69,448,0.2469,4875
275,19March_2011_Saturday_tagesschau-4690,165,180,517,0.1529,174
327,29November_2011_Tuesday_tagesschau-5619,111,469,273,0.3601,5379
178,29September_2012_Saturday_tagesschau-2967,93,15,387,0.2631,3665
122,22April_2010_Thursday_heute-2124,29,474,8,0.0,5422
215,20October_2009_Tuesday_tagesschau-3594,96,207,11,0.2225,5225
472,21July_2009_Tuesday_tagesschau-8062,100,448,291,0.3298,601
279,21November_2009_Saturday_tagesschau-4905,128,3,475,0.1642,428
65,09August_2009_Sunday_tagesschau-1182,93,196,198,0.2549,649
381,20June_2011_Monday_heute-6514,35,47,8,0.0,3080
175,20September_2010_Monday_heute-2934,80,342,241,0.2192,3218
296,16May_2010_Sunday_tagesschau-5227,184,129,324,0.3095,5207
471,21July_2009_Tuesday_tagesschau-8061,87,380,260,0.772,4077
3,25October_2010_Monday_tagesschau-22,142,498,423,0.2474,4445
136,30October_2009_Friday_tagesschau-2275,62,58,40,0.2609,276
167,01July_2011_Friday_tagesschau-2765,103,461,13,0.4154,2146
355,16September_2010_Thursday_tagesschau-6276,212,43,422,0.2246,2648
255,13July_2010_Tuesday_tagesschau-4317,139,235,434,0.0898,2442
25,12May_2010_Wednesday_tagesschau-318,139,267,425,0.1822,1718
114,03July_2009_Friday_tagesschau-2003,120,249,18,0.138,2871
510,11December_2010_Saturday_tagesschau-8657,96,506,514,0.3609,4452
469,02December_2011_Friday_tagesschau-8009,111,405,354,0.3071,17
386,12September_2009_Saturday_tagesschau-6589,86,175,407,0.3716,5524
403,06February_2011_Sunday_tagesschau-6917,111,153,86,0.3234,2931
239,24June_2011_Friday_tagesschau-4073,109,457,154,0.4688,3907
187,21April_2010_Wednesday_heute-3124,34,488,8,0.6836,2855
359,10August_2011_Wednesday_tagesschau-6303,64,234,429,0.3569,4498
423,01May_2010_Saturday_tagesschau-7197,123,186,294,0.3592,3270
2,11August_2010_Wednesday_tagesschau-8,148,518,512,0.3947,4079
244,18September_2010_Saturday_tagesschau-4197,120,171,126,0.2872,188
32,20November_2011_Sunday_tagesschau-536,93,110,311,0.1183,1176
152,12January_2010_Tuesday_heute-2545,180,456,21,0.1239,1540
317,17January_2010_Sunday_tagesschau-5554,125,421,382,0.4345,1325
195,20December_2010_Monday_tagesschau-3205,99,353,472,0.2319,3110
43,30August_2011_Tuesday_heute-784,228,504,346,0.0623,3123
311,21November_2011_Monday_heute-5433,80,486,367,0.0643,5442
130,27September_2009_Sunday_tagesschau-2170,58,330,284,0.1245,4725
339,09August_2010_Monday_heute-5906,44,335,88,1.0,5478
410,29November_2009_Sunday_tagesschau-7043,251,70,430,0.0576,2989
478,27May_2011_Friday_tagesschau-8133,188,80,441,0.2824,662
351,27October_2009_Tuesday_tagesschau-6148,130,372,434,0.3422,138
320,18November_2009_Wednesday_tagesschau-5584,63,341,451,0.2225,5247
194,20December_2010_Monday_tagesschau-3204,78,95,378,0.5167,4580
440,28May_2010_Friday_tagesschau-7496,147,197,74,0.2221,5009
262,09February_2010_Tuesday_tagesschau-4496,62,451,192,0.1376,4203
180,09August_2010_Monday_tagesschau-3004,157,287,494,0.214,3924
380,03November_2010_Wednesday_tagesschau-6507,94,311,167,0.286,4696
331,26March_2011_Saturday_tagesschau-5731,90,125,56,0.2425,4884
17,19October_2009_Monday_tagesschau-229,47,247,308,0.1892,5260
7,14August_2009_Friday_tagesschau-72,125,281,160,0.2888,1520
161,19January_2011_Wednesday_heute-2680,135,55,266,0.219,3006
495,13August_2009_Thursday_tagesschau-8487,91,510,486,0.4957,206
1,11August_2010_Wednesday_tagesschau-3,111,288,198,0.4362,2474
79,02October_2009_Friday_tagesschau-1362,153,2,112,0.3155,3030
464,20July_2010_Tuesday_tagesschau-7883,151,402,242,0.1689,4113
185,20April_2011_Wednesday_tagesschau-3084,169,517,425,0.1114,2994
