run,group,dataset,model,lr,seed,schedule,init_encoder,epochs_run,best_epoch,best_val_chrF2,test_decodes,flags,nbest,lp_tune,test_chrF2_lp1,test_BLEU4_lp1,csv_chrF2,csv_BLEU4,csv_n
phase 2/results/how2sign/mamba/lr0.0003_s13,phase 2/results,how2sign,mamba,0.0003,13,default,,34,25,22.061,,NO_TEST,False,False,,,,,
phase 2/results/how2sign/mamba/lr0.0003_s1337,phase 2/results,how2sign,mamba,0.0003,1337,default,,11,2,17.519,,NO_TEST STOPPED_EARLY,False,False,,,,,
phase 2/results/how2sign/mamba/lr0.0003_s42,phase 2/results,how2sign,mamba,0.0003,42,default,,31,22,21.877,,NO_TEST,False,False,,,,,
phase 2/results/how2sign/mamba_padfix/lr0.0003_s13,phase 2/results,how2sign,mamba_padfix,0.0003,13,short-warmup,,33,24,21.97,beam5_lp1.0,,False,True,20.649,2.67,20.649,2.67,2098.0
phase 2/results/how2sign/mamba_padfix/lr0.0003_s1337,phase 2/results,how2sign,mamba_padfix,0.0003,1337,short-warmup,,31,22,21.349,beam5_lp1.0,,False,True,19.753,2.397,19.753,2.397,2098.0
phase 2/results/how2sign/mamba_padfix/lr0.0003_s42,phase 2/results,how2sign,mamba_padfix,0.0003,42,short-warmup,,33,24,20.82,beam5_lp1.0,,False,True,19.367,2.124,19.367,2.124,2098.0
phase 2/results/how2sign/mamba_pool_avg/lr0.0003_s13,phase 2/results,how2sign,mamba_pool_avg,0.0003,13,short-warmup,,32,23,21.013,beam5_lp1.0,,False,True,20.096,2.245,20.083,2.245,2098.0
phase 2/results/how2sign/mamba_pool_avg/lr0.0003_s1337,phase 2/results,how2sign,mamba_pool_avg,0.0003,1337,short-warmup,,28,19,20.944,beam5_lp1.0,,False,True,19.508,2.245,19.508,2.245,2098.0
phase 2/results/how2sign/mamba_pool_avg/lr0.0003_s42,phase 2/results,how2sign,mamba_pool_avg,0.0003,42,short-warmup,,30,21,21.416,beam5_lp1.0,,False,True,19.969,2.188,19.969,2.187,2098.0
phase 2/results/how2sign/mamba_pool_random_avg/lr0.0003_s13,phase 2/results,how2sign,mamba_pool_random_avg,0.0003,13,short-warmup,,37,28,20.661,beam5_lp1.0,,False,True,19.078,1.776,19.078,1.776,2098.0
phase 2/results/how2sign/mamba_pool_random_avg/lr0.0003_s1337,phase 2/results,how2sign,mamba_pool_random_avg,0.0003,1337,short-warmup,,33,24,20.389,beam5_lp1.0,,False,True,19.381,1.689,19.381,1.689,2098.0
phase 2/results/how2sign/mamba_pool_random_avg/lr0.0003_s42,phase 2/results,how2sign,mamba_pool_random_avg,0.0003,42,short-warmup,,29,20,20.413,beam5_lp1.0,,False,True,19.284,1.804,19.284,1.804,2098.0
phase 2/results/how2sign/mamba_uniform_avg/lr0.0003_s13,phase 2/results,how2sign,mamba_uniform_avg,0.0003,13,short-warmup,,25,16,20.886,beam5_lp1.0,,False,True,19.817,2.255,19.817,2.255,2098.0
phase 2/results/how2sign/mamba_uniform_avg/lr0.0003_s1337,phase 2/results,how2sign,mamba_uniform_avg,0.0003,1337,short-warmup,,31,22,20.747,beam5_lp1.0,,False,True,19.426,2.002,19.426,2.002,2098.0
phase 2/results/how2sign/mamba_uniform_avg/lr0.0003_s42,phase 2/results,how2sign,mamba_uniform_avg,0.0003,42,short-warmup,,37,28,20.753,beam5_lp1.0,,False,True,19.706,1.944,19.706,1.943,2098.0
phase 2/results/how2sign/transformer/lr0.0003_s13,phase 2/results,how2sign,transformer,0.0003,13,default,,15,6,16.969,,NO_TEST STOPPED_EARLY,False,False,,,,,
phase 2/results/how2sign/transformer/lr0.0003_s1337,phase 2/results,how2sign,transformer,0.0003,1337,default,,17,8,17.802,,NO_TEST STOPPED_EARLY,False,False,,,,,
phase 2/results/how2sign/transformer/lr0.0003_s42,phase 2/results,how2sign,transformer,0.0003,42,default,,16,7,17.621,,NO_TEST STOPPED_EARLY,False,False,,,,,
phase 2/results/isign/mamba/lr0.0001_s42,phase 2/results,isign,mamba,0.0001,42,default,,39,30,19.434,,NO_TEST,False,False,,,,,
phase 2/results/isign/mamba/lr0.0003_s13,phase 2/results,isign,mamba,0.0003,13,default,,28,19,20.983,beam5_lp1.0;beam5_lp1.1;beam5_lp1.2;beam5_lp1.3;beam5_lp1.5,MULTI_DECODE CSV_MISMATCH,False,False,21.213,4.074,22.271,4.092,6068.0
phase 2/results/isign/mamba/lr0.0003_s1337,phase 2/results,isign,mamba,0.0003,1337,default,,31,22,20.727,beam5_lp1.0,,False,False,20.683,3.575,20.683,3.575,6068.0
phase 2/results/isign/mamba/lr0.0003_s42,phase 2/results,isign,mamba,0.0003,42,default,,38,29,20.744,beam5_lp1.0,,False,False,20.696,3.54,20.696,3.54,6068.0
phase 2/results/isign/mamba/lr0.001_s42,phase 2/results,isign,mamba,0.001,42,default,,40,35,20.293,,NO_TEST,False,False,,,,,
phase 2/results/isign/mamba_banks/lr0.0003_s42,phase 2/results,isign,mamba_banks,0.0003,42,default,,32,23,21.064,beam5_lp1.0,,False,False,21.288,3.895,21.288,3.895,6068.0
phase 2/results/isign/mamba_ctx_k0/lr0.0003_s13,phase 2/results,isign,mamba_ctx_k0,0.0003,13,default,,36,27,21.183,beam5_lp1.0,,False,True,21.436,3.78,21.436,3.78,6068.0
phase 2/results/isign/mamba_ctx_k0/lr0.0003_s1337,phase 2/results,isign,mamba_ctx_k0,0.0003,1337,default,,40,31,20.981,beam5_lp1.0,,False,True,21.11,3.757,21.11,3.757,6068.0
phase 2/results/isign/mamba_ctx_k0/lr0.0003_s42,phase 2/results,isign,mamba_ctx_k0,0.0003,42,default,,40,32,21.048,beam5_lp1.0,,False,True,21.157,3.767,21.157,3.767,6068.0
phase 2/results/isign/mamba_ctx_k2/lr0.0003_s13,phase 2/results,isign,mamba_ctx_k2,0.0003,13,default,,33,24,21.319,beam5_lp1.0,,False,True,21.411,4.011,21.41,4.011,6068.0
phase 2/results/isign/mamba_ctx_k2/lr0.0003_s1337,phase 2/results,isign,mamba_ctx_k2,0.0003,1337,default,,27,18,20.857,beam5_lp1.0,,False,True,21.402,4.14,21.402,4.14,6068.0
phase 2/results/isign/mamba_ctx_k2/lr0.0003_s42,phase 2/results,isign,mamba_ctx_k2,0.0003,42,default,,33,24,21.337,beam5_lp1.0,,False,True,21.541,3.977,21.541,3.977,6068.0
phase 2/results/isign/mamba_ctx_k2_random/lr0.0003_s13,phase 2/results,isign,mamba_ctx_k2_random,0.0003,13,default,,38,29,20.875,beam5_lp1.0,,False,True,21.049,3.611,21.048,3.611,6068.0
phase 2/results/isign/mamba_ctx_k2_random/lr0.0003_s1337,phase 2/results,isign,mamba_ctx_k2_random,0.0003,1337,default,,31,22,20.841,beam5_lp1.0,,False,True,21.231,3.86,21.231,3.86,6068.0
phase 2/results/isign/mamba_ctx_k2_random/lr0.0003_s42,phase 2/results,isign,mamba_ctx_k2_random,0.0003,42,default,,33,24,20.972,beam5_lp1.0,,False,True,21.286,3.86,21.286,3.86,6068.0
phase 2/results/isign/mamba_ctx_k4/lr0.0003_s42,phase 2/results,isign,mamba_ctx_k4,0.0003,42,default,,39,30,21.39,beam5_lp1.0,,False,False,21.448,3.88,21.448,3.88,6068.0
phase 2/results/isign/mamba_ctx_k8/lr0.0003_s42,phase 2/results,isign,mamba_ctx_k8,0.0003,42,default,,31,22,21.235,beam5_lp1.0,,False,False,21.535,4.153,21.535,4.153,6068.0
phase 2/results/isign/mamba_padfix/lr0.0003_s13,phase 2/results,isign,mamba_padfix,0.0003,13,default,,28,19,21.198,beam5_lp1.0,,True,True,21.588,4.134,21.588,4.134,6068.0
phase 2/results/isign/mamba_padfix/lr0.0003_s1337,phase 2/results,isign,mamba_padfix,0.0003,1337,default,,40,34,21.122,beam5_lp1.0,,True,True,21.234,3.781,21.231,3.78,6068.0
phase 2/results/isign/mamba_padfix/lr0.0003_s42,phase 2/results,isign,mamba_padfix,0.0003,42,default,,29,20,21.059,beam5_lp1.0,,True,True,21.26,4.098,21.26,4.098,6068.0
phase 2/results/isign/mamba_pool/lr0.0003_s42,phase 2/results,isign,mamba_pool,0.0003,42,default,,40,39,20.88,,NO_TEST,False,False,,,,,
phase 2/results/isign/mamba_pool_avg/lr0.0003_s13,phase 2/results,isign,mamba_pool_avg,0.0003,13,default,,36,27,20.814,beam5_lp1.0,,True,True,21.024,3.704,21.024,3.704,6068.0
phase 2/results/isign/mamba_pool_avg/lr0.0003_s1337,phase 2/results,isign,mamba_pool_avg,0.0003,1337,default,,29,20,20.632,beam5_lp1.0,,True,True,20.836,3.897,20.836,3.897,6068.0
phase 2/results/isign/mamba_pool_avg/lr0.0003_s42,phase 2/results,isign,mamba_pool_avg,0.0003,42,default,,33,24,20.551,beam5_lp1.0,,True,True,20.92,3.876,20.92,3.876,6068.0
phase 2/results/isign/mamba_pool_avg_jitter/lr0.0003_s13,phase 2/results,isign,mamba_pool_avg_jitter,0.0003,13,default,,35,26,20.793,beam5_lp1.0,,False,False,20.834,3.709,20.834,3.709,6068.0
phase 2/results/isign/mamba_pool_avg_jitter/lr0.0003_s1337,phase 2/results,isign,mamba_pool_avg_jitter,0.0003,1337,default,,32,23,20.439,beam5_lp1.0,,False,False,20.72,3.577,20.72,3.577,6068.0
phase 2/results/isign/mamba_pool_avg_jitter/lr0.0003_s42,phase 2/results,isign,mamba_pool_avg_jitter,0.0003,42,default,,40,32,20.465,beam5_lp1.0,,False,False,20.53,3.449,20.53,3.449,6068.0
phase 2/results/isign/mamba_pool_matched/lr0.0003_s13,phase 2/results,isign,mamba_pool_matched,0.0003,13,default,,40,36,20.419,beam5_lp1.0,,False,False,20.789,3.623,20.789,3.623,6068.0
phase 2/results/isign/mamba_pool_matched/lr0.0003_s1337,phase 2/results,isign,mamba_pool_matched,0.0003,1337,default,,38,29,20.43,beam5_lp1.0,,False,False,20.485,3.561,20.485,3.561,6068.0
phase 2/results/isign/mamba_pool_matched/lr0.0003_s42,phase 2/results,isign,mamba_pool_matched,0.0003,42,default,,40,34,20.36,beam5_lp1.0,,False,False,20.388,3.503,20.388,3.503,6068.0
phase 2/results/isign/mamba_pool_matched_s32/lr0.0003_s13,phase 2/results,isign,mamba_pool_matched_s32,0.0003,13,default,,40,33,19.733,beam5_lp1.0,,False,False,19.77,3.192,19.77,3.192,6068.0
phase 2/results/isign/mamba_pool_matched_s32/lr0.0003_s1337,phase 2/results,isign,mamba_pool_matched_s32,0.0003,1337,default,,40,33,19.628,beam5_lp1.0,,False,False,19.558,3.14,19.558,3.14,6068.0
phase 2/results/isign/mamba_pool_matched_s32/lr0.0003_s42,phase 2/results,isign,mamba_pool_matched_s32,0.0003,42,default,,40,31,19.68,beam5_lp1.0,,False,False,19.622,3.131,19.622,3.131,6068.0
phase 2/results/isign/mamba_pool_matched_s8/lr0.0003_s42,phase 2/results,isign,mamba_pool_matched_s8,0.0003,42,default,,30,21,20.67,beam5_lp1.0,,False,False,20.887,3.972,20.886,3.972,6068.0
phase 2/results/isign/mamba_pool_random/lr0.0003_s13,phase 2/results,isign,mamba_pool_random,0.0003,13,default,,40,33,20.393,beam5_lp1.0,,False,False,20.505,3.586,20.505,3.586,6068.0
phase 2/results/isign/mamba_pool_random/lr0.0003_s1337,phase 2/results,isign,mamba_pool_random,0.0003,1337,default,,38,29,20.213,beam5_lp1.0,,False,False,20.387,3.628,20.387,3.628,6068.0
phase 2/results/isign/mamba_pool_random/lr0.0003_s42,phase 2/results,isign,mamba_pool_random,0.0003,42,default,,40,32,20.135,beam5_lp1.0,,False,False,20.49,3.597,20.49,3.597,6068.0
phase 2/results/isign/mamba_pool_random_avg/lr0.0003_s13,phase 2/results,isign,mamba_pool_random_avg,0.0003,13,default,,27,18,19.744,beam5_lp1.0,,False,True,20.066,3.539,20.066,3.539,6068.0
phase 2/results/isign/mamba_pool_random_avg/lr0.0003_s1337,phase 2/results,isign,mamba_pool_random_avg,0.0003,1337,default,,37,28,19.815,beam5_lp1.0,,False,True,19.91,3.118,19.91,3.118,6068.0
phase 2/results/isign/mamba_pool_random_avg/lr0.0003_s42,phase 2/results,isign,mamba_pool_random_avg,0.0003,42,default,,28,19,19.65,beam5_lp1.0,,False,True,19.931,3.405,19.931,3.405,6068.0
phase 2/results/isign/mamba_pool_random_s32/lr0.0003_s13,phase 2/results,isign,mamba_pool_random_s32,0.0003,13,default,,40,34,19.623,beam5_lp1.0,,False,False,19.651,3.156,19.651,3.156,6068.0
phase 2/results/isign/mamba_pool_random_s32/lr0.0003_s1337,phase 2/results,isign,mamba_pool_random_s32,0.0003,1337,default,,40,33,19.721,beam5_lp1.0,,False,False,19.646,3.185,19.646,3.185,6068.0
phase 2/results/isign/mamba_pool_random_s32/lr0.0003_s42,phase 2/results,isign,mamba_pool_random_s32,0.0003,42,default,,31,22,19.396,beam5_lp1.0,,False,False,19.744,3.256,19.744,3.257,6068.0
phase 2/results/isign/mamba_uniform/lr0.0003_s13,phase 2/results,isign,mamba_uniform,0.0003,13,default,,34,25,19.572,beam5_lp1.0,,False,False,19.661,3.073,19.661,3.073,6068.0
phase 2/results/isign/mamba_uniform/lr0.0003_s1337,phase 2/results,isign,mamba_uniform,0.0003,1337,default,,38,29,19.875,beam5_lp1.0,,False,False,19.894,3.068,19.894,3.068,6068.0
phase 2/results/isign/mamba_uniform/lr0.0003_s42,phase 2/results,isign,mamba_uniform,0.0003,42,default,,28,19,19.634,beam5_lp1.0,,False,False,20.063,3.371,20.063,3.371,6068.0
phase 2/results/isign/mamba_uniform_avg/lr0.0003_s13,phase 2/results,isign,mamba_uniform_avg,0.0003,13,default,,28,19,20.344,beam5_lp1.0,,False,True,20.767,3.735,20.768,3.734,6068.0
phase 2/results/isign/mamba_uniform_avg/lr0.0003_s1337,phase 2/results,isign,mamba_uniform_avg,0.0003,1337,default,,36,27,20.204,beam5_lp1.0,,False,True,20.223,3.17,20.223,3.17,6068.0
phase 2/results/isign/mamba_uniform_avg/lr0.0003_s42,phase 2/results,isign,mamba_uniform_avg,0.0003,42,default,,33,24,20.208,beam5_lp1.0,,False,True,20.461,3.437,20.461,3.437,6068.0
phase 2/results/isign/mamba_uniform_jitter/lr0.0003_s13,phase 2/results,isign,mamba_uniform_jitter,0.0003,13,default,,40,32,20.522,beam5_lp1.0,,False,False,20.797,3.623,20.797,3.623,6068.0
phase 2/results/isign/mamba_uniform_jitter/lr0.0003_s1337,phase 2/results,isign,mamba_uniform_jitter,0.0003,1337,default,,40,33,20.467,beam5_lp1.0,,False,False,20.55,3.651,20.55,3.65,6068.0
phase 2/results/isign/mamba_uniform_jitter/lr0.0003_s42,phase 2/results,isign,mamba_uniform_jitter,0.0003,42,default,,40,31,20.612,beam5_lp1.0,,False,False,20.675,3.557,20.675,3.557,6068.0
phase 2/results/isign/mamba_uniform_s32/lr0.0003_s13,phase 2/results,isign,mamba_uniform_s32,0.0003,13,default,,40,32,18.672,beam5_lp1.0,,False,False,18.849,2.734,18.849,2.734,6068.0
phase 2/results/isign/mamba_uniform_s32/lr0.0003_s1337,phase 2/results,isign,mamba_uniform_s32,0.0003,1337,default,,40,31,18.759,beam5_lp1.0,,False,False,18.8,2.599,18.8,2.599,6068.0
phase 2/results/isign/mamba_uniform_s32/lr0.0003_s42,phase 2/results,isign,mamba_uniform_s32,0.0003,42,default,,33,24,18.649,beam5_lp1.0,,False,False,18.788,2.62,18.788,2.62,6068.0
phase 2/results/isign/mamba_uniform_s8/lr0.0003_s42,phase 2/results,isign,mamba_uniform_s8,0.0003,42,default,,32,23,20.528,beam5_lp1.0,,False,False,20.822,3.748,20.822,3.748,6068.0
phase 2/results/isign/transformer/lr0.0001_s42,phase 2/results,isign,transformer,0.0001,42,default,,40,35,17.875,,NO_TEST,False,False,,,,,
phase 2/results/isign/transformer/lr0.0003_s13,phase 2/results,isign,transformer,0.0003,13,default,,40,33,19.292,beam5_lp1.0;beam5_lp1.1;beam5_lp1.2;beam5_lp1.3;beam5_lp1.5,MULTI_DECODE CSV_MISMATCH,False,False,19.275,2.994,20.178,2.889,6068.0
phase 2/results/isign/transformer/lr0.0003_s1337,phase 2/results,isign,transformer,0.0003,1337,default,,40,37,19.161,beam5_lp1.0,,False,False,18.953,2.741,18.953,2.741,6068.0
phase 2/results/isign/transformer/lr0.0003_s42,phase 2/results,isign,transformer,0.0003,42,default,,31,22,18.923,beam5_lp1.0,,False,False,18.94,2.966,18.94,2.967,6068.0
phase 2/results/isign/transformer/lr0.001_s42,phase 2/results,isign,transformer,0.001,42,default,,40,39,18.561,,NO_TEST,False,False,,,,,
phase 2/results/isign/transformer_uniform_avg/lr0.0003_s13,phase 2/results,isign,transformer_uniform_avg,0.0003,13,default,,40,31,18.79,beam5_lp1.0,,False,True,18.684,2.564,18.684,2.564,6068.0
phase 2/results/isign/transformer_uniform_avg/lr0.0003_s1337,phase 2/results,isign,transformer_uniform_avg,0.0003,1337,default,,31,22,18.686,beam5_lp1.0,,False,True,18.844,2.827,18.844,2.827,6068.0
phase 2/results/isign/transformer_uniform_avg/lr0.0003_s42,phase 2/results,isign,transformer_uniform_avg,0.0003,42,default,,31,22,18.552,beam5_lp1.0,,False,True,18.459,2.624,18.46,2.624,6068.0
phase 2/results/phoenix14t/mamba/lr0.0003_s13,phase 2/results,phoenix14t,mamba,0.0003,13,default,,40,39,32.24,,NO_TEST,False,False,,,,,
phase 2/results/phoenix14t/mamba/lr0.0003_s1337,phase 2/results,phoenix14t,mamba,0.0003,1337,default,,40,38,32.354,,NO_TEST,False,False,,,,,
phase 2/results/phoenix14t/mamba/lr0.0003_s42,phase 2/results,phoenix14t,mamba,0.0003,42,default,,40,38,30.985,,NO_TEST,False,False,,,,,
phase 2/results/phoenix14t/mamba_padfix/lr0.0003_s13,phase 2/results,phoenix14t,mamba_padfix,0.0003,13,short-warmup,,29,20,32.823,beam5_lp1.0,,False,True,33.766,11.931,33.766,11.931,642.0
phase 2/results/phoenix14t/mamba_padfix/lr0.0003_s1337,phase 2/results,phoenix14t,mamba_padfix,0.0003,1337,short-warmup,,40,31,33.184,beam5_lp1.0,,False,True,33.893,11.405,33.893,11.406,642.0
phase 2/results/phoenix14t/mamba_padfix/lr0.0003_s42,phase 2/results,phoenix14t,mamba_padfix,0.0003,42,short-warmup,,37,28,33.02,beam5_lp1.0,,False,True,34.164,11.71,34.164,11.709,642.0
phase 2/results/phoenix14t/mamba_pool_avg/lr0.0003_s13,phase 2/results,phoenix14t,mamba_pool_avg,0.0003,13,short-warmup,,34,25,32.94,beam5_lp1.0,,False,True,33.367,10.892,33.367,10.892,642.0
phase 2/results/phoenix14t/mamba_pool_avg/lr0.0003_s1337,phase 2/results,phoenix14t,mamba_pool_avg,0.0003,1337,short-warmup,,33,24,32.298,beam5_lp1.0,,False,True,33.074,10.643,33.074,10.643,642.0
phase 2/results/phoenix14t/mamba_pool_avg/lr0.0003_s42,phase 2/results,phoenix14t,mamba_pool_avg,0.0003,42,short-warmup,,31,22,33.171,beam5_lp1.0,,False,True,33.616,11.228,33.616,11.228,642.0
phase 2/results/phoenix14t/mamba_pool_random_avg/lr0.0003_s13,phase 2/results,phoenix14t,mamba_pool_random_avg,0.0003,13,short-warmup,,29,20,32.144,beam5_lp1.0,,False,True,32.523,11.342,32.523,11.342,642.0
phase 2/results/phoenix14t/mamba_pool_random_avg/lr0.0003_s1337,phase 2/results,phoenix14t,mamba_pool_random_avg,0.0003,1337,short-warmup,,31,22,31.877,beam5_lp1.0,,False,True,32.0,10.916,32.0,10.916,642.0
phase 2/results/phoenix14t/mamba_pool_random_avg/lr0.0003_s42,phase 2/results,phoenix14t,mamba_pool_random_avg,0.0003,42,short-warmup,,31,22,32.377,beam5_lp1.0,,False,True,32.429,10.602,32.429,10.602,642.0
phase 2/results/phoenix14t/mamba_uniform_avg/lr0.0003_s13,phase 2/results,phoenix14t,mamba_uniform_avg,0.0003,13,short-warmup,,38,29,32.687,beam5_lp1.0,,False,True,33.647,11.335,33.647,11.335,642.0
phase 2/results/phoenix14t/mamba_uniform_avg/lr0.0003_s1337,phase 2/results,phoenix14t,mamba_uniform_avg,0.0003,1337,short-warmup,,33,24,32.815,beam5_lp1.0,,False,True,33.4,11.111,33.4,11.111,642.0
phase 2/results/phoenix14t/mamba_uniform_avg/lr0.0003_s42,phase 2/results,phoenix14t,mamba_uniform_avg,0.0003,42,short-warmup,,31,22,32.833,beam5_lp1.0,,False,True,33.794,10.883,33.794,10.883,642.0
phase 2/results/phoenix14t/transformer/lr0.0003_s13,phase 2/results,phoenix14t,transformer,0.0003,13,default,,40,38,28.825,,NO_TEST,False,False,,,,,
phase 2/results/phoenix14t/transformer/lr0.0003_s1337,phase 2/results,phoenix14t,transformer,0.0003,1337,default,,40,38,28.779,,NO_TEST,False,False,,,,,
phase 2/results/phoenix14t/transformer/lr0.0003_s42,phase 2/results,phoenix14t,transformer,0.0003,42,default,,40,39,29.354,,NO_TEST,False,False,,,,,
phase 3/results/finetune/P1/isign/mamba_padfix/lr0.0003_s42,phase 3/results/finetune/P1,isign,mamba_padfix,0.0003,42,default,P1,31,22,21.425,beam5_lp1.0,,False,True,21.739,4.195,21.739,4.195,6068.0
phase 3/results/finetune/P1L/isign/mamba_padfix/lr0.0003_s42,phase 3/results/finetune/P1L,isign,mamba_padfix,0.0003,42,default,P1L_s42,40,31,21.195,beam5_lp1.0,,False,False,21.528,3.99,21.528,3.99,6068.0
phase 3/results/finetune/P2/isign/mamba_padfix/lr0.0003_s42,phase 3/results/finetune/P2,isign,mamba_padfix,0.0003,42,default,P2,27,18,21.328,beam5_lp1.0,,False,True,21.692,4.323,21.692,4.323,6068.0
phase 3/results/finetune/P2L/isign/mamba_padfix/lr0.0003_s42,phase 3/results/finetune/P2L,isign,mamba_padfix,0.0003,42,default,P2L_s42,40,31,21.2,beam5_lp1.0,,False,False,21.57,4.092,21.57,4.092,6068.0
phase 3/results/finetune/P2hand/isign/mamba_padfix/lr0.0003_s42,phase 3/results/finetune/P2hand,isign,mamba_padfix,0.0003,42,default,P2hand,31,22,21.226,beam5_lp1.0,,False,True,21.703,4.228,21.703,4.227,6068.0
results/how2sign/mamba/lr0.0003_s13,results,how2sign,mamba,0.0003,13,default,,34,25,22.061,beam5_lp1.0,,False,False,20.095,2.656,20.095,2.656,2098.0
results/how2sign/mamba/lr0.0003_s1337,results,how2sign,mamba,0.0003,1337,default,,11,2,17.519,beam5_lp1.0,STOPPED_EARLY,False,False,16.572,0.637,16.572,0.637,2098.0
results/how2sign/mamba/lr0.0003_s42,results,how2sign,mamba,0.0003,42,default,,31,22,21.877,beam5_lp1.0,,False,False,20.133,2.722,20.133,2.722,2098.0
results/how2sign/transformer/lr0.0003_s13,results,how2sign,transformer,0.0003,13,default,,15,6,16.969,beam5_lp1.0,STOPPED_EARLY,False,False,16.992,1.095,16.993,1.095,2098.0
results/how2sign/transformer/lr0.0003_s1337,results,how2sign,transformer,0.0003,1337,default,,17,8,17.802,beam5_lp1.0,STOPPED_EARLY,False,False,15.059,0.682,15.059,0.682,2098.0
results/how2sign/transformer/lr0.0003_s42,results,how2sign,transformer,0.0003,42,default,,16,7,17.621,beam5_lp1.0,STOPPED_EARLY,False,False,16.587,1.04,16.587,1.04,2098.0
results/isign/mamba/lr0.0001_s42,results,isign,mamba,0.0001,42,default,,39,30,19.434,,NO_TEST,False,False,,,,,
results/isign/mamba/lr0.0003_s13,results,isign,mamba,0.0003,13,default,,28,19,20.983,beam5_lp1.0;beam5_lp1.1;beam5_lp1.2;beam5_lp1.3;beam5_lp1.5,MULTI_DECODE,True,True,21.213,4.074,21.213,4.074,6068.0
results/isign/mamba/lr0.0003_s1337,results,isign,mamba,0.0003,1337,default,,31,22,20.727,beam5_lp1.0,,True,True,20.683,3.575,20.683,3.575,6068.0
results/isign/mamba/lr0.0003_s42,results,isign,mamba,0.0003,42,default,,38,29,20.744,beam5_lp1.0,,True,True,20.715,3.557,20.714,3.557,6068.0
results/isign/mamba/lr0.001_s42,results,isign,mamba,0.001,42,default,,40,35,20.293,,NO_TEST,False,False,,,,,
results/isign/transformer/lr0.0001_s42,results,isign,transformer,0.0001,42,default,,40,35,17.875,,NO_TEST,False,False,,,,,
results/isign/transformer/lr0.0003_s13,results,isign,transformer,0.0003,13,default,,40,33,19.292,beam5_lp1.0;beam5_lp1.1;beam5_lp1.2;beam5_lp1.3;beam5_lp1.5,MULTI_DECODE,True,True,19.275,2.994,19.273,2.993,6068.0
results/isign/transformer/lr0.0003_s1337,results,isign,transformer,0.0003,1337,default,,40,37,19.161,beam5_lp1.0,,True,True,18.953,2.741,18.953,2.741,6068.0
results/isign/transformer/lr0.0003_s42,results,isign,transformer,0.0003,42,default,,31,22,18.923,beam5_lp1.0,,True,True,18.94,2.966,18.94,2.967,6068.0
results/isign/transformer/lr0.001_s42,results,isign,transformer,0.001,42,default,,40,39,18.561,,NO_TEST,False,False,,,,,
results/phoenix14t/mamba/lr0.0003_s13,results,phoenix14t,mamba,0.0003,13,default,,40,39,32.24,beam5_lp1.0,,False,True,32.544,11.894,32.545,11.894,642.0
results/phoenix14t/mamba/lr0.0003_s1337,results,phoenix14t,mamba,0.0003,1337,default,,40,38,32.354,beam5_lp1.0,,False,True,31.89,11.745,31.89,11.744,642.0
results/phoenix14t/mamba/lr0.0003_s42,results,phoenix14t,mamba,0.0003,42,default,,40,38,30.985,beam5_lp1.0,,False,True,30.719,10.537,30.719,10.537,642.0
results/phoenix14t/transformer/lr0.0003_s13,results,phoenix14t,transformer,0.0003,13,default,,40,38,28.825,beam5_lp1.0,,False,True,28.331,9.399,28.331,9.4,642.0
results/phoenix14t/transformer/lr0.0003_s1337,results,phoenix14t,transformer,0.0003,1337,default,,40,38,28.779,beam5_lp1.0,,False,True,29.407,9.134,29.406,9.134,642.0
results/phoenix14t/transformer/lr0.0003_s42,results,phoenix14t,transformer,0.0003,42,default,,40,39,29.354,beam5_lp1.0,,False,True,29.655,9.453,29.655,9.453,642.0
results_f3/how2sign/mamba/lr0.0003_s13,results_f3,how2sign,mamba,0.0003,13,short-warmup,,33,24,21.858,beam5_lp1.0,,True,True,20.222,2.632,20.222,2.632,2098.0
results_f3/how2sign/mamba/lr0.0003_s1337,results_f3,how2sign,mamba,0.0003,1337,short-warmup,,33,24,21.192,beam5_lp1.0,,True,True,19.327,2.3,19.327,2.3,2098.0
results_f3/how2sign/mamba/lr0.0003_s42,results_f3,how2sign,mamba,0.0003,42,short-warmup,,38,29,20.981,beam5_lp1.0,,True,True,19.271,2.049,19.271,2.049,2098.0
results_f3/how2sign/transformer/lr0.0003_s13,results_f3,how2sign,transformer,0.0003,13,short-warmup,,40,37,19.523,beam5_lp1.0,,True,True,17.684,1.568,17.684,1.568,2098.0
results_f3/how2sign/transformer/lr0.0003_s1337,results_f3,how2sign,transformer,0.0003,1337,short-warmup,,38,29,19.544,beam5_lp1.0,,True,True,17.981,1.577,17.981,1.577,2098.0
results_f3/how2sign/transformer/lr0.0003_s42,results_f3,how2sign,transformer,0.0003,42,short-warmup,,13,4,17.395,beam5_lp1.0,STOPPED_EARLY,True,True,14.578,0.986,14.578,0.986,2098.0
results_f3/phoenix14t/mamba/lr0.0003_s13,results_f3,phoenix14t,mamba,0.0003,13,short-warmup,,31,22,32.913,beam5_lp1.0,,True,True,33.117,11.953,33.117,11.953,642.0
results_f3/phoenix14t/mamba/lr0.0003_s1337,results_f3,phoenix14t,mamba,0.0003,1337,short-warmup,,40,36,33.163,beam5_lp1.0,,True,True,32.892,11.206,32.892,11.206,642.0
results_f3/phoenix14t/mamba/lr0.0003_s42,results_f3,phoenix14t,mamba,0.0003,42,short-warmup,,37,28,32.825,beam5_lp1.0,,True,True,34.718,12.141,34.718,12.141,642.0
results_f3/phoenix14t/transformer/lr0.0003_s13,results_f3,phoenix14t,transformer,0.0003,13,short-warmup,,36,27,31.24,beam5_lp1.0,,True,True,31.587,10.56,31.587,10.56,642.0
results_f3/phoenix14t/transformer/lr0.0003_s1337,results_f3,phoenix14t,transformer,0.0003,1337,short-warmup,,40,39,31.807,beam5_lp1.0,,True,True,31.943,10.466,31.943,10.466,642.0
results_f3/phoenix14t/transformer/lr0.0003_s42,results_f3,phoenix14t,transformer,0.0003,42,short-warmup,,40,34,31.316,beam5_lp1.0,,True,True,32.07,10.902,32.07,10.902,642.0
