signal,coverage,chrF2,failure_rate
seed_agreement,1.0,23.490167583865667,0.5102175346077785
seed_agreement,0.8,24.688097553583592,0.43489905232797693
seed_agreement,0.6,26.262896365756276,0.359791266135677
seed_agreement,0.4,28.503838689425585,0.28059332509270707
seed_agreement,0.2,32.83562853636372,0.17462932454695224
consensus,1.0,23.490167583865667,0.5102175346077785
consensus,0.8,24.677266789590373,0.43119077049855786
consensus,0.6,26.272836259212678,0.35072782202691566
consensus,0.4,28.677989789809892,0.2715286361763494
consensus,0.2,33.020640810641076,0.17298187808896212
avg_logprob,1.0,23.490167583865667,0.5102175346077785
avg_logprob,0.8,24.642607948875135,0.44890811701689326
avg_logprob,0.6,26.080875860050728,0.38917879703378194
avg_logprob,0.4,28.34714314125041,0.32138442521631644
avg_logprob,0.2,32.64328673615378,0.24629324546952225
margin,1.0,23.490167583865667,0.5102175346077785
margin,0.8,23.555788721712414,0.49793984342810055
margin,0.6,23.475219769512687,0.4979401263389179
margin,0.4,23.55913300426116,0.496085702513391
margin,0.2,23.70755492140634,0.4950576606260296
nbest_agreement,1.0,23.490167583865667,0.5102175346077785
nbest_agreement,0.8,23.845876594381476,0.48413679439637414
nbest_agreement,0.6,24.209375758085457,0.46113705026091734
nbest_agreement,0.4,24.61834180279194,0.43098475484136795
nbest_agreement,0.2,25.108969612707345,0.41515650741350907
src_frames,1.0,23.490167583865667,0.5102175346077785
src_frames,0.8,23.814059752505734,0.46909765142150806
src_frames,0.6,23.92024567478738,0.44301016204339466
src_frames,0.4,23.93729469227801,0.4276885043263288
src_frames,0.2,24.049004291186403,0.41186161449752884
combined,1.0,23.490167583865667,0.5102175346077785
combined,0.8,24.490182295719638,0.4363411619283066
combined,0.6,25.808111636039254,0.36446031310079646
combined,0.4,27.85822081599607,0.27894519983518745
combined,0.2,31.29307556081654,0.1696869851729819
oracle,1.0,23.490167583865667,0.5102175346077785
oracle,0.8,25.407955589444303,0.4033786567779151
oracle,0.6,28.0515522059586,0.26476242790442184
oracle,0.4,32.09931202866131,0.12484548825710753
oracle,0.2,39.40725617603898,0.036243822075782535
random,1.0,23.490167583865667,0.5102175346077785
random,0.8,23.42927993926466,0.515245158632056
random,0.6,23.43903600375471,0.5127712166987092
random,0.4,23.59314514246918,0.5105067985166872
random,0.2,23.600831744923017,0.5032948929159803
