stratum,n_clips,n_videos,transformer_chrF2,mamba_padfix_chrF2,gap_chrF2,gap_chrF2_ci95,transformer_BLEU4,mamba_padfix_BLEU4,gap_BLEU4,gap_BLEU4_ci95
all,6068,260,19.06,21.36,2.3,"[+2.06, +2.55]",2.9,4.0,1.1,"[+0.94, +1.28]"
frames <=128f,1814,196,17.84,19.61,1.77,"[+1.44, +2.20]",3.66,4.48,0.82,"[+0.54, +1.16]"
frames 129-256f,2822,219,19.33,21.66,2.34,"[+2.05, +2.61]",2.93,4.08,1.15,"[+0.91, +1.41]"
frames >256f,1432,228,19.44,22.04,2.6,"[+2.30, +2.91]",2.26,3.49,1.23,"[+0.97, +1.49]"
ref_words ref<=9w,2250,227,18.36,20.63,2.27,"[+1.86, +2.78]",3.2,4.14,0.94,"[+0.66, +1.28]"
ref<=9w x <=128f,1303,184,17.82,19.6,1.78,"[+1.37, +2.34]",3.69,4.41,0.71,"[+0.38, +1.15]"
ref<=9w x 129-256f,794,193,19.05,22.01,2.95,"[+2.37, +3.63]",2.63,3.95,1.32,"[+0.89, +1.80]"
ref<=9w x >256f,153,85,18.71,20.89,2.19,"[+1.17, +3.23]",2.69,3.36,0.67,"[-0.00, +1.28]"
ref_words ref10-13w,1851,215,19.8,22.16,2.36,"[+2.06, +2.67]",2.93,4.15,1.22,"[+0.90, +1.53]"
ref10-13w x <=128f,397,144,18.09,19.97,1.88,"[+1.38, +2.46]",2.99,3.98,0.99,"[+0.50, +1.56]"
ref10-13w x 129-256f,1062,194,20.26,22.7,2.45,"[+2.03, +2.87]",3.04,4.31,1.27,"[+0.87, +1.68]"
ref10-13w x >256f,392,163,20.05,22.57,2.52,"[+2.02, +3.07]",2.38,3.49,1.11,"[+0.59, +1.67]"
ref_words ref>13w,1967,199,18.92,21.2,2.29,"[+2.03, +2.54]",2.35,3.36,1.01,"[+0.79, +1.21]"
ref>13w x <=128f,114,63,17.31,18.71,1.4,"[+0.48, +2.43]",2.64,3.31,0.67,"[-0.16, +1.56]"
ref>13w x 129-256f,966,179,18.68,20.67,1.99,"[+1.65, +2.34]",2.6,3.44,0.83,"[+0.52, +1.16]"
ref>13w x >256f,887,189,19.3,21.97,2.67,"[+2.30, +3.03]",2.02,3.25,1.24,"[+0.89, +1.55]"
cap-hit (512f),77,60,18.31,20.44,2.13,"[+1.26, +2.90]",1.54,2.57,1.03,"[+0.11, +1.99]"
not cap-hit,5991,250,19.07,21.38,2.31,"[+2.06, +2.56]",2.92,4.03,1.11,"[+0.94, +1.29]"
