tag,checkpoint,split,n,decode,setting,bits_per_value,mem_tokens_per_clip,bytes_per_clip,rel_mse,mean_cos,chrF2,BLEU4,seconds
mamba_padfix,results/how2sign/mamba_padfix/lr0.0003_s42/checkpoints/best.pt,test,2098,greedy,fp16,16.0,162.54,166438.6,0.0,1.0,20.244,1.935,60.0
mamba_padfix,results/how2sign/mamba_padfix/lr0.0003_s42/checkpoints/best.pt,test,2098,greedy,turbo:8,8.0312,162.54,83544.4,0.000131,0.999935,20.205,1.979,29.0
mamba_padfix,results/how2sign/mamba_padfix/lr0.0003_s42/checkpoints/best.pt,test,2098,greedy,turbo:4,4.0312,162.54,41934.7,0.009491,0.995264,20.212,1.897,28.8
mamba_padfix,results/how2sign/mamba_padfix/lr0.0003_s42/checkpoints/best.pt,test,2098,greedy,turbo:3,3.0312,162.54,31532.3,0.034472,0.98267,20.257,1.894,27.9
mamba_padfix,results/how2sign/mamba_padfix/lr0.0003_s42/checkpoints/best.pt,test,2098,greedy,turbo:2,2.0312,162.54,21129.9,0.117235,0.939653,20.418,1.891,29.1
mamba_padfix,results/how2sign/mamba_padfix/lr0.0003_s42/checkpoints/best.pt,test,2098,greedy,naive:8,8.0625,162.54,83869.4,5e-05,0.999975,20.217,1.933,27.2
mamba_padfix,results/how2sign/mamba_padfix/lr0.0003_s42/checkpoints/best.pt,test,2098,greedy,naive:4,4.0625,162.54,42259.8,0.014484,0.992837,20.331,2.001,27.1
mamba_padfix,results/how2sign/mamba_padfix/lr0.0003_s42/checkpoints/best.pt,test,2098,greedy,naive:3,3.0625,162.54,31857.4,0.066555,0.968387,20.149,1.845,29.3
mamba_padfix,results/how2sign/mamba_padfix/lr0.0003_s42/checkpoints/best.pt,test,2098,greedy,naive:2,2.0625,162.54,21455.0,0.366161,0.860644,20.124,1.843,28.8
mamba_padfix,results/how2sign/mamba_padfix/lr0.0003_s42/checkpoints/best.pt,test,2098,greedy,turbo_prod:4,4.0625,162.54,42259.8,0.054317,0.973957,20.273,1.94,30.4
mamba_padfix,results/how2sign/mamba_padfix/lr0.0003_s42/checkpoints/best.pt,test,2098,greedy,turbo_prod:3,3.0625,162.54,31857.4,0.184672,0.918961,19.888,1.791,30.1
mamba_padfix,results/how2sign/mamba_padfix/lr0.0003_s42/checkpoints/best.pt,test,2098,greedy,turbo_prod:2,2.0625,162.54,21455.0,0.571879,0.79822,19.301,1.602,29.3
