uid,condition,hypothesis,reference,sent_chrF,content_overlap
30December_2010_Thursday_tagesschau-2236,correct,heute nacht minus fünf grad im südwesten und minus ein grad an den küsten,heute nacht null grad am hochrhein wo es aufklart bis minus zweiundzwanzig grad,29.854346850112716,True
12February_2010_Friday_tagesschau-126,correct,morgen im norden dichte wolken mit etwas regen oder schnee,gelegentlich schneit es leicht richtung nordosten kann es auch noch kräftiger schneien,21.09021220442175,False
08February_2010_Monday_tagesschau-2796,correct,und nun die wettervorhersage für morgen montag den achten februar,und nun die wettervorhersage für morgen dienstag den neunten februar,76.39501325163914,True
17February_2011_Thursday_tagesschau-6307,correct,dabei gibt es heute nacht zum teil noch viele wolken aber es bleibt meist trocken,an der großwetterlage ändert sich wenig und so bleibt es auch bei den meist trüben und weitgehend trockenem wetter,25.47896617848695,True
29May_2011_Sunday_tagesschau-764,correct,der wind weht schwach bis mäßig an den küsten auch frisch,abgesehen von gewitterböen weht der wind schwach bis mäßig aus südost bis süd,38.905633607730614,True
22June_2011_Wednesday_heute-4381,correct,die nacht verläuft meist klar im norden und westen gibt es auch mal mehr mal weniger dichte wolken die hier und da regen bringen,diese ganzen gewitter werden gesteuert von einem höhentief über nordeuropa das wird diese warmluft abdrängen und durch deutlich kühlere von westen her ersetzen,23.239663574144643,True
24November_2011_Thursday_heute-222,correct,an der nordsee gibt es heute nacht noch einzelne schauer oder gewitter,in norddeutschland dagegen nur wolken und der frost ja den haben wir wieder in der südhälfte,18.985762148730885,False
04October_2010_Monday_heute-5954,correct,am tag fünf grad im vogtland und zwölf grad in der lausitz,teilweise zwanzig oder auch knapp über zwanzig grad,15.851790514047053,True
13February_2010_Saturday_tagesschau-6044,correct,am freitag in der südosthälfte eine mischung aus sonne und wolken,die aussichten am montag teils sonne teils wolken im westen schneit es etwas,25.351648628073107,True
23April_2010_Friday_tagesschau-3667,correct,heute nacht fünf grad im südwesten und minus ein grad an den alpen,in der nacht minus drei bis plus vier an der küste bis plus fünf grad,30.52526733388909,True
27August_2009_Thursday_tagesschau-3284,correct,am sonntag viel sonne,am sonntag überwiegend freundlich,29.807670370948124,True
31October_2009_Saturday_tagesschau-7147,correct,am tag minus acht grad am alpenrand und bis plus acht grad im breisgau,bei leichtem frost ist heute nacht örtlich reifglätte möglich am niederrhein dagegen bis plus acht grad,25.55748017405505,True
12November_2009_Thursday_tagesschau-6770,correct,im norden ist es heute nacht meist stark bewölkt hier und da fällt etwas regen,am tag liegen über der nordhälfte dichte wolken verbreitet fällt regen oder sprühregen,21.99760963749592,True
30November_2010_Tuesday_tagesschau-4617,correct,am tag ist es im norden und osten meist stark bewölkt oder neblig trüb,das hoch über skandinavien lenkt eisige luft aus russland heran,16.56915820414395,False
28November_2011_Monday_tagesschau-168,correct,in der nacht regnet es vor allem in der nordwesthälfte ab und an,in der nacht fünf grad an der nordfriesischen küste und minus vier grad an den alpen,30.958741120048444,True
21November_2009_Saturday_tagesschau-4911,correct,am sonntag ist es im süden freundlich sonst mehr wolken als sonne und gebietsweise regen,in der neuen woche unbeständig mit vielen wolken die zeitweise regen bringen,30.266426305426315,True
08October_2009_Thursday_tagesschau-5348,correct,heute nacht regnet es im norden und nordwesten hier und da etwas im norden ist es teilweise klar,schon heute nacht klart es im norden sowie in der mitte verbreitet auf,40.149549494462555,True
10January_2011_Monday_tagesschau-6409,correct,heute nacht vierzehn grad am niederrhein und minus sechs grad im osten,heute nacht ein grad im süden und minus sieben grad im mittelgebirgsraum,42.742488899688766,True
30September_2012_Sunday_tagesschau-4038,correct,am donnerstag in der nordosthälfte zum teil kräftige schauer und gewitter,am donnerstag im ganzen land unbeständiges wetter verbreitet regnet es und es kann sehr windig werden,27.702729224323118,True
29October_2009_Thursday_tagesschau-1011,correct,und nun die wettervorhersage für morgen montag den neunten februar,und nun die wettervorhersage für morgen freitag den dreißigsten oktober,63.84003393343139,True
30December_2010_Thursday_tagesschau-2236,wrong_length,am tag dann null grad bei dauernebel und dreizehn grad am niederrhein,heute nacht null grad am hochrhein wo es aufklart bis minus zweiundzwanzig grad,26.3400826398199,True
12February_2010_Friday_tagesschau-126,wrong_length,morgen schwacher bis mäßiger im norden frischer bis starker wind mit stürmischen böen an der nordsee sturmböen,gelegentlich schneit es leicht richtung nordosten kann es auch noch kräftiger schneien,19.364878632033815,False
08February_2010_Monday_tagesschau-2796,wrong_length,der wind weht schwach bis mäßig an der nordsee auch frisch,und nun die wettervorhersage für morgen dienstag den neunten februar,11.480475601915966,False
17February_2011_Thursday_tagesschau-6307,wrong_length,am tag dann null grad bei dauernebel und dreizehn grad am oberrhein,an der großwetterlage ändert sich wenig und so bleibt es auch bei den meist trüben und weitgehend trockenem wetter,13.88705401270717,False
29May_2011_Sunday_tagesschau-764,wrong_length,vor allem im süden regnet es teilweise kräftig,abgesehen von gewitterböen weht der wind schwach bis mäßig aus südost bis süd,12.608370251213364,False
22June_2011_Wednesday_heute-4381,wrong_length,und die temperaturen profitiertieren rechendlich warm wird es dann auch in den nächsten tagen nicht ganz so heiß,diese ganzen gewitter werden gesteuert von einem höhentief über nordeuropa das wird diese warmluft abdrängen und durch deutlich kühlere von westen her ersetzen,21.89248835251256,False
24November_2011_Thursday_heute-222,wrong_length,am tag dreizehn grad an der ostsee und bis zweiundzwanzig grad im breisgau,in norddeutschland dagegen nur wolken und der frost ja den haben wir wieder in der südhälfte,15.643404303688651,False
04October_2010_Monday_heute-5954,wrong_length,in der neuen woche ändert sich an diesem wetter wenig,teilweise zwanzig oder auch knapp über zwanzig grad,14.49125809590926,False
13February_2010_Saturday_tagesschau-6044,wrong_length,morgen reichen die temperaturen von achtzehn grad in der lausitz bis zwanzig grad am oberrhein,die aussichten am montag teils sonne teils wolken im westen schneit es etwas,19.221443610654767,False
23April_2010_Friday_tagesschau-3667,wrong_length,auch am samstag viele wolken hier und da regen im bergland schnee oder raupelschauer,in der nacht minus drei bis plus vier an der küste bis plus fünf grad,17.287999370680332,False
27August_2009_Thursday_tagesschau-3284,wrong_length,richtung süden ist es meist stark bewölkt,am sonntag überwiegend freundlich,16.27365651482868,False
31October_2009_Saturday_tagesschau-7147,wrong_length,und nun die wettervorhersage für morgen dienstag den einundzwanzigsten oktober,bei leichtem frost ist heute nacht örtlich reifglätte möglich am niederrhein dagegen bis plus acht grad,15.120034310881842,False
12November_2009_Thursday_tagesschau-6770,wrong_length,am tag breiten sich die schneefälle aus dem südwesten nach osten aus im süden aus vor allem im südosten aus,am tag liegen über der nordhälfte dichte wolken verbreitet fällt regen oder sprühregen,21.934828244783816,True
30November_2010_Tuesday_tagesschau-4617,wrong_length,im laufe des tages wird es von westen wieder freundlicher und auch im osten,das hoch über skandinavien lenkt eisige luft aus russland heran,18.389893462937458,False
28November_2011_Monday_tagesschau-168,wrong_length,morgen im norden dichte wolken mit etwas regen oder schnee,in der nacht fünf grad an der nordfriesischen küste und minus vier grad an den alpen,16.283244620773473,False
21November_2009_Saturday_tagesschau-4911,wrong_length,und am wochenende wird es dann auch im süden noch ein bisschen kühler,in der neuen woche unbeständig mit vielen wolken die zeitweise regen bringen,18.04681818947527,False
08October_2009_Thursday_tagesschau-5348,wrong_length,im westen und nordwesten morgen zum teil kräftige schauer und gewitter,schon heute nacht klart es im norden sowie in der mitte verbreitet auf,22.170926212228565,False
10January_2011_Monday_tagesschau-6409,wrong_length,der wind weht schwach bis mäßig im norden frisch mit starken bis stürmischen böen,heute nacht ein grad im süden und minus sieben grad im mittelgebirgsraum,17.724341555757825,False
30September_2012_Sunday_tagesschau-4038,wrong_length,die aussichten am mittwoch ist es meist stark bewölkt oder neblig trüb,am donnerstag im ganzen land unbeständiges wetter verbreitet regnet es und es kann sehr windig werden,13.911722737132715,False
29October_2009_Thursday_tagesschau-1011,wrong_length,im südosten heute nacht bis vierzehn an der nordsee bis fünfzehn grad,und nun die wettervorhersage für morgen freitag den dreißigsten oktober,17.257159168072796,False
30December_2010_Thursday_tagesschau-2236,wrong_topic,heute nacht werte zwischen minus zwei und minus ein grad wo es länger aufklart und minus ein grad,heute nacht null grad am hochrhein wo es aufklart bis minus zweiundzwanzig grad,46.66767801244885,True
12February_2010_Friday_tagesschau-126,wrong_topic,am montag mal sonne mal wolken hier und da schauer,gelegentlich schneit es leicht richtung nordosten kann es auch noch kräftiger schneien,10.559486651567065,False
08February_2010_Monday_tagesschau-2796,wrong_topic,und nun die wettervorhersage für morgen sonntag den dreiundzwanzigsten august,und nun die wettervorhersage für morgen dienstag den neunten februar,66.8319352834548,True
17February_2011_Thursday_tagesschau-6307,wrong_topic,am samstag ist es im norden windig und an den küsten regnet es etwas,an der großwetterlage ändert sich wenig und so bleibt es auch bei den meist trüben und weitgehend trockenem wetter,16.25233910947449,False
29May_2011_Sunday_tagesschau-764,wrong_topic,der wind weht schwach aus unterschiedlichen richtungen,abgesehen von gewitterböen weht der wind schwach bis mäßig aus südost bis süd,26.830267870359865,True
22June_2011_Wednesday_heute-4381,wrong_topic,die aussichten auch am sonntag scheint meist die sonne sonst ist es meist stark bewölkt oder neblig trüb,diese ganzen gewitter werden gesteuert von einem höhentief über nordeuropa das wird diese warmluft abdrängen und durch deutlich kühlere von westen her ersetzen,15.408688832431935,False
24November_2011_Thursday_heute-222,wrong_topic,heute nacht strenger frost in thüringen und blicken,in norddeutschland dagegen nur wolken und der frost ja den haben wir wieder in der südhälfte,21.391907163456224,True
04October_2010_Monday_heute-5954,wrong_topic,auch am montag ändert sich an diesem wetter wenig,teilweise zwanzig oder auch knapp über zwanzig grad,17.080887132715063,False
13February_2010_Saturday_tagesschau-6044,wrong_topic,die aussichten am mittwoch ist es meist freundlich hier und da schauer und gewitter die unwetterartig sein können,die aussichten am montag teils sonne teils wolken im westen schneit es etwas,35.31277454854076,True
23April_2010_Friday_tagesschau-3667,wrong_topic,in der nacht regnet es in der nordwesthälfte ab und an den alpen ist es meist trocken,in der nacht minus drei bis plus vier an der küste bis plus fünf grad,28.31463790716539,True
27August_2009_Thursday_tagesschau-3284,wrong_topic,guten abend liebe zuschauer,am sonntag überwiegend freundlich,18.303338596598362,False
31October_2009_Saturday_tagesschau-7147,wrong_topic,in der eifel heute nacht neun an der spree bis sechzehn grad,bei leichtem frost ist heute nacht örtlich reifglätte möglich am niederrhein dagegen bis plus acht grad,21.960413332864828,True
12November_2009_Thursday_tagesschau-6770,wrong_topic,das hoch über russland sorgt morgen im nordosten deutschlands für freundliches wetter,am tag liegen über der nordhälfte dichte wolken verbreitet fällt regen oder sprühregen,18.130123660222054,False
30November_2010_Tuesday_tagesschau-4617,wrong_topic,ein tief über dem nordmeer bringt dem norden und westen deutschlands noch wolken und etwas regen,das hoch über skandinavien lenkt eisige luft aus russland heran,19.530378398747175,False
28November_2011_Monday_tagesschau-168,wrong_topic,heute nacht sechs grad an der ostsee und minus siebzehn grad an den alpen,in der nacht fünf grad an der nordfriesischen küste und minus vier grad an den alpen,46.46778646767306,True
21November_2009_Saturday_tagesschau-4911,wrong_topic,im norden ist es heute nacht meist stark bewölkt im nordwesten regnet es hier und da,in der neuen woche unbeständig mit vielen wolken die zeitweise regen bringen,18.604222264736187,False
08October_2009_Thursday_tagesschau-5348,wrong_topic,am sonntag viele wolken hier und da regen im bergland auch schnee,schon heute nacht klart es im norden sowie in der mitte verbreitet auf,18.460524689007762,False
10January_2011_Monday_tagesschau-6409,wrong_topic,am tag acht grad an der nordsee und vierzehn grad an der nordsee,heute nacht ein grad im süden und minus sieben grad im mittelgebirgsraum,19.0944615313179,True
30September_2012_Sunday_tagesschau-4038,wrong_topic,in der südhälfte schwacher sonst mäßiger bis frischer wind aus unterschiedlichen richtungen,am donnerstag im ganzen land unbeständiges wetter verbreitet regnet es und es kann sehr windig werden,18.605097934820456,False
29October_2009_Thursday_tagesschau-1011,wrong_topic,und nun die wettervorhersage für morgen mittwoch den vierundzwanzigsten mai,und nun die wettervorhersage für morgen freitag den dreißigsten oktober,62.73639627540858,True
30December_2010_Thursday_tagesschau-2236,zero,ein tief über dem island bringt dem süden deutschlands noch ergiebiger regen,heute nacht null grad am hochrhein wo es aufklart bis minus zweiundzwanzig grad,16.604611195823804,False
12February_2010_Friday_tagesschau-126,zero,ein tief über dem island und dem ftiverlauft,gelegentlich schneit es leicht richtung nordosten kann es auch noch kräftiger schneien,9.69249563867041,False
08February_2010_Monday_tagesschau-2796,zero,ein tief über dem balkan bringt dem süden deutschlands noch ergiebige regenmen,und nun die wettervorhersage für morgen dienstag den neunten februar,19.94121005589682,False
17February_2011_Thursday_tagesschau-6307,zero,ein tief über dem island bringt dem süden deutschlands noch ergiebiger regen,an der großwetterlage ändert sich wenig und so bleibt es auch bei den meist trüben und weitgehend trockenem wetter,18.276705833284453,False
29May_2011_Sunday_tagesschau-764,zero,und auch in den nächsten tagen wird es ein bisschen milder,abgesehen von gewitterböen weht der wind schwach bis mäßig aus südost bis süd,19.39024752584907,False
22June_2011_Wednesday_heute-4381,zero,ein tief über dem island und dem iederzeitig meeresluft meer in den nächsten tagen unser wetter bessimet,diese ganzen gewitter werden gesteuert von einem höhentief über nordeuropa das wird diese warmluft abdrängen und durch deutlich kühlere von westen her ersetzen,24.174640205142563,False
24November_2011_Thursday_heute-222,zero,ein tief über dem balkan bringt dem süden deutschlands noch ergiebige regenmen,in norddeutschland dagegen nur wolken und der frost ja den haben wir wieder in der südhälfte,28.012224492459183,False
04October_2010_Monday_heute-5954,zero,im westen und südwesten bleibt es noch ein bisschen kühler,teilweise zwanzig oder auch knapp über zwanzig grad,12.651517157827122,False
13February_2010_Saturday_tagesschau-6044,zero,ein tief über dem island bringt dem süden deutschlands noch ergiebiger regen,die aussichten am montag teils sonne teils wolken im westen schneit es etwas,14.323613580254241,False
23April_2010_Friday_tagesschau-3667,zero,ein tief über dem island bringt dem süden deutschlands noch ergiebiger regen,in der nacht minus drei bis plus vier an der küste bis plus fünf grad,19.72175690795964,False
27August_2009_Thursday_tagesschau-3284,zero,und auch in den nächsten tagen wird es ein bisschen milder,am sonntag überwiegend freundlich,21.686624419038136,False
31October_2009_Saturday_tagesschau-7147,zero,ein tief über dem island bringt dem süden deutschlands noch ergiebiger regen,bei leichtem frost ist heute nacht örtlich reifglätte möglich am niederrhein dagegen bis plus acht grad,17.276480813005442,False
12November_2009_Thursday_tagesschau-6770,zero,ein tief über dem island bringt dem süden deutschlands noch ergiebiger regen,am tag liegen über der nordhälfte dichte wolken verbreitet fällt regen oder sprühregen,20.067745623438896,True
30November_2010_Tuesday_tagesschau-4617,zero,ein tief über dem balkan bringt dem süden deutschlands noch ergiebige regenmen,das hoch über skandinavien lenkt eisige luft aus russland heran,21.42662263883314,False
28November_2011_Monday_tagesschau-168,zero,ein tief über dem island und dem ftiverlauft,in der nacht fünf grad an der nordfriesischen küste und minus vier grad an den alpen,13.123948541804006,False
21November_2009_Saturday_tagesschau-4911,zero,ein tief über dem island bringt dem süden deutschlands noch ergiebiger regen,in der neuen woche unbeständig mit vielen wolken die zeitweise regen bringen,24.135395728798688,True
08October_2009_Thursday_tagesschau-5348,zero,ein tief über dem island bringt dem süden deutschlands noch ergiebiger regen,schon heute nacht klart es im norden sowie in der mitte verbreitet auf,20.927550740018887,False
10January_2011_Monday_tagesschau-6409,zero,im westen und südwesten bleibt es noch ein bisschen kühler,heute nacht ein grad im süden und minus sieben grad im mittelgebirgsraum,18.4032477986223,False
30September_2012_Sunday_tagesschau-4038,zero,ein tief über dem island bringt dem süden deutschlands noch ergiebiger regen,am donnerstag im ganzen land unbeständiges wetter verbreitet regnet es und es kann sehr windig werden,18.24804382011927,False
29October_2009_Thursday_tagesschau-1011,zero,und auch in den nächsten tagen wird es ein bisschen milder,und nun die wettervorhersage für morgen freitag den dreißigsten oktober,16.76688714992857,False
