stratum,n_clips,n_videos,tcn_chrF2,mamba_padfix_chrF2,gap_chrF2,gap_chrF2_ci95,tcn_BLEU4,mamba_padfix_BLEU4,gap_BLEU4,gap_BLEU4_ci95
all,6068,260,21.1,21.26,0.16,"[-0.07, +0.37]",3.94,4.1,0.16,"[-0.05, +0.37]"
frames <=128f,1814,196,20.02,19.79,-0.23,"[-0.82, +0.26]",4.82,4.59,-0.23,"[-0.75, +0.25]"
frames 129-256f,2822,219,21.43,21.57,0.13,"[-0.18, +0.44]",4.05,4.17,0.12,"[-0.18, +0.43]"
frames >256f,1432,228,21.32,21.76,0.44,"[+0.02, +0.86]",3.11,3.62,0.51,"[+0.15, +0.86]"
ref_words ref<=9w,2250,227,20.73,20.78,0.05,"[-0.46, +0.49]",4.25,4.35,0.1,"[-0.31, +0.48]"
ref<=9w x <=128f,1303,184,19.92,19.9,-0.02,"[-0.79, +0.54]",4.85,4.61,-0.23,"[-0.91, +0.29]"
ref<=9w x 129-256f,794,193,21.73,22.08,0.35,"[-0.45, +1.10]",3.73,4.14,0.42,"[-0.18, +1.06]"
ref<=9w x >256f,153,85,21.29,20.43,-0.85,"[-2.28, +0.48]",2.91,3.65,0.74,"[-0.46, +2.02]"
ref_words ref10-13w,1851,215,21.97,21.96,-0.0,"[-0.41, +0.45]",4.13,4.19,0.06,"[-0.35, +0.51]"
ref10-13w x <=128f,397,144,20.09,19.95,-0.14,"[-0.99, +0.67]",3.94,3.87,-0.07,"[-1.03, +0.88]"
ref10-13w x 129-256f,1062,194,22.54,22.62,0.09,"[-0.43, +0.60]",4.41,4.54,0.13,"[-0.40, +0.72]"
ref10-13w x >256f,392,163,22.08,21.97,-0.11,"[-1.02, +0.86]",3.24,3.31,0.07,"[-0.67, +0.87]"
ref_words ref>13w,1967,199,20.72,21.04,0.32,"[-0.07, +0.70]",3.2,3.45,0.25,"[-0.05, +0.55]"
ref>13w x <=128f,114,63,20.38,18.74,-1.63,"[-3.23, +0.07]",4.05,3.51,-0.54,"[-1.85, +0.76]"
ref>13w x 129-256f,966,179,20.4,20.49,0.09,"[-0.44, +0.65]",3.39,3.4,0.01,"[-0.40, +0.45]"
ref>13w x >256f,887,189,21.07,21.8,0.73,"[+0.23, +1.24]",2.88,3.49,0.62,"[+0.23, +1.01]"
cap-hit (512f),77,60,19.46,19.81,0.36,"[-1.32, +2.21]",2.22,2.27,0.05,"[-1.24, +1.25]"
not cap-hit,5991,250,21.13,21.29,0.15,"[-0.07, +0.37]",3.97,4.13,0.16,"[-0.05, +0.37]"
