uid	ground_truth	model_translation
ed5590797795-8	When Bobby made her, she smiled at him.	The BBC is a kite when it comes to light.
ed5590797795-11	and I will call you Sundari.	My question is, he said.
ed5590797795-13	Bobby took Sundari to the fair.	They will go to a place where a rabits from a place to the mongoose.
ed5590797795-14	The band was playing and everyone was smiling.	They grabbbed each other and started shouting at each other.
ed5590797795-15	A merry go round was playing a happy little tune.	The creeper picked up the landlord with the help of the land.
ed5590797795-16	It was carrying lots of boys and girls round and round on its wooden animals. Bobby looked	You may have heard of the polythene and news about it.
ed5590797795-18	where he could run and fly his kite.	Nowadays there is a picture of a bird.
ed5590797795-20	Sundari looked too. Out in the...	Suddenly, the forest collapsed on the tree.
ed5590797795-22	Holding up his kite as high as he could.	Should we go for a long time. On the morning of a hand, ammunition went to the house.
ed5590797795-23	Puff! The wind came along!	to become very strong.
ed5590797795-24	Sundari started to fly up, but she could not go very high.	This is the fact that you can see the sun.
ed5590797795-25	A little dog was holding on to her long tail. It was in his mouth.	Soon, you can see a kidnapped with a rainbow.
ed5590797795-26	Bobby shooed the dog away.	You have to use it for a long time.
ed5590797795-28	We will try again. Bobby said.	This is a very good initiative.
ed5590797795-29	This time, Sundari leaped up in the air.	In the sky, the person hangs upon themselves.
ed5590797795-31	Oh! How she wanted Bobby to let go of her string!	Is there a lot of backwards, browns, baskets, bamboos, cockroachers?
ed5590797795-32	She gave a big tug!	when he went away with the wind brown.
ed5590797795-33	Bobby had to let her go. Weeeeeee cried Sundari. Now I can fly as high as I please.	The sky is going to be in the sky.
ed5590797795-34	and away she went. She flew up up.	Heavy came down to a tree.
ed5590797795-36	Adapted from Cleo by Ruth Dixon	This is the first story of Rohini Circle Indonesia.
ed5590797795-41	Let's read. I feel dizzy.	Said the baskets. Said funny bunny.
ed5590797795-43	The band was playing a tune.	Robinson dioxide.
ed5590797795-47	Why did Bobby call his kite Sundari?	what was the Bubbles in the middle?
ed5590797795-48	Did Sundari fly very high at first?	Tomorrow people see the bird standing next to it, you can see a bird.
ed5590797795-49	What made Sundari really happy?	He said, “I want you to go to school.
