stratum,n_clips,n_videos,transformer_chrF2,mamba_phase1_chrF2,gap_chrF2,gap_chrF2_ci95,transformer_BLEU4,mamba_phase1_BLEU4,gap_BLEU4,gap_BLEU4_ci95
all,6068,260,19.06,20.87,1.81,"[+1.59, +2.05]",2.9,3.74,0.83,"[+0.69, +0.98]"
frames <=128f,1814,196,17.84,19.11,1.27,"[+0.90, +1.71]",3.66,4.39,0.73,"[+0.48, +1.04]"
frames 129-256f,2822,219,19.33,21.12,1.79,"[+1.51, +2.06]",2.93,3.71,0.77,"[+0.56, +0.99]"
frames >256f,1432,228,19.44,21.65,2.21,"[+1.93, +2.48]",2.26,3.27,1.01,"[+0.76, +1.26]"
ref_words ref<=9w,2250,227,18.36,20.16,1.8,"[+1.37, +2.30]",3.2,4.07,0.88,"[+0.59, +1.20]"
ref<=9w x <=128f,1303,184,17.82,19.32,1.5,"[+1.04, +2.13]",3.69,4.56,0.86,"[+0.52, +1.29]"
ref<=9w x 129-256f,794,193,19.05,21.21,2.16,"[+1.62, +2.79]",2.63,3.6,0.97,"[+0.49, +1.53]"
ref<=9w x >256f,153,85,18.71,20.72,2.01,"[+1.07, +3.01]",2.69,3.26,0.57,"[+0.01, +1.11]"
ref_words ref10-13w,1851,215,19.8,21.57,1.77,"[+1.46, +2.09]",2.93,3.79,0.86,"[+0.57, +1.16]"
ref10-13w x <=128f,397,144,18.09,18.9,0.81,"[+0.26, +1.43]",2.99,3.58,0.59,"[+0.08, +1.21]"
ref10-13w x 129-256f,1062,194,20.26,22.05,1.79,"[+1.36, +2.21]",3.04,3.75,0.71,"[+0.37, +1.08]"
ref10-13w x >256f,392,163,20.05,22.53,2.48,"[+1.98, +2.97]",2.38,3.7,1.32,"[+0.81, +1.85]"
ref_words ref>13w,1967,199,18.92,20.77,1.85,"[+1.61, +2.09]",2.35,3.15,0.8,"[+0.61, +0.98]"
ref>13w x <=128f,114,63,17.31,18.44,1.13,"[+0.26, +2.16]",2.64,3.5,0.85,"[-0.01, +1.78]"
ref>13w x 129-256f,966,179,18.68,20.31,1.63,"[+1.27, +2.01]",2.6,3.27,0.67,"[+0.39, +0.94]"
ref>13w x >256f,887,189,19.3,21.44,2.14,"[+1.83, +2.44]",2.02,2.92,0.9,"[+0.60, +1.20]"
cap-hit (512f),77,60,18.31,20.31,1.99,"[+1.04, +2.95]",1.54,2.48,0.94,"[-0.10, +1.95]"
not cap-hit,5991,250,19.07,20.88,1.81,"[+1.58, +2.06]",2.92,3.75,0.83,"[+0.68, +0.98]"
