uid,frames,pad_frames,max_abs_memory_diff,max_abs_token_logprob_diff
eBj_HUu0CNw--12,30,482,3.5762786865234375e-06,2.384185791015625e-06
9bqfEh7BD3c--8,70,442,6.67572021484375e-06,4.291534423828125e-06
T-5au9lZhYI--4,84,428,6.67572021484375e-06,1.9073486328125e-06
LvN9Dxq2iLY--38,94,418,1.4066696166992188e-05,4.410743713378906e-06
wUH1dDbu9B4--22,105,407,8.106231689453125e-06,6.67572021484375e-06
u7wx4rUBg_k--4,115,397,7.152557373046875e-06,4.76837158203125e-06
zu_bd3r2GIA--14,125,387,9.5367431640625e-06,7.62939453125e-06
Wvr7HcKSCpc--7,133,379,1.71661376953125e-05,7.152557373046875e-06
BESRE5mtipE--12,142,370,5.9604644775390625e-06,7.62939453125e-06
ZVE_KjrY_po--17,153,359,1.4424324035644531e-05,4.76837158203125e-06
faZQNy4aErk--4,162,350,9.059906005859375e-06,5.9604644775390625e-06
Zc2bgIDZ-Ks--76,171,341,1.33514404296875e-05,3.337860107421875e-06
rYcw__0tDhw--18,179,333,5.4836273193359375e-06,3.337860107421875e-06
ZCBew8Fv0qA--5,191,321,1.1086463928222656e-05,4.5299530029296875e-06
ijrjSBx7WTc--65,201,311,6.198883056640625e-06,4.0531158447265625e-06
Rc99bcSdhak--33,213,299,6.67572021484375e-06,6.67572021484375e-06
HBQwzyxvkZA--46,228,284,1.4901161193847656e-05,1.0967254638671875e-05
LvN9Dxq2iLY--24,241,271,9.894371032714844e-06,5.7220458984375e-06
lAFiWmUUHOg--9,259,253,1.1086463928222656e-05,9.059906005859375e-06
AZ2s4Adm9RU--13,281,231,3.5762786865234375e-06,6.4373016357421875e-06
3vCea9zWFek--38,305,207,8.821487426757812e-06,4.291534423828125e-06
lPzmjeJmsXo--14,343,169,0.0,6.67572021484375e-06
Nv3WLYio7Lc--18,405,107,4.76837158203125e-06,4.76837158203125e-06
jLwvQ4URDFY--14,512,0,1.3113021850585938e-05,6.794929504394531e-06
