split,lp,chrF2,BLEU4,n
val,0.6,21.778,4.398,50
val,0.7,22.661,4.955,50
val,0.8,22.871,4.964,50
val,0.9,22.932,4.962,50
val,1.0,23.136,4.917,50
val,1.1,23.378,4.911,50
val,1.2,23.276,4.429,50
val,1.3,23.329,4.342,50
val,1.4,23.277,4.26,50
val,1.5,23.777,5.003,50
val,1.6,23.929,4.925,50
val,1.7,23.961,4.908,50
val,1.8,24.005,4.835,50
val,1.9,24.005,4.835,50
val,2.0,24.025,4.796,50
test,0.6,20.538,3.388,50
test,0.7,20.487,3.397,50
test,0.8,20.619,3.398,50
test,0.9,20.512,2.894,50
test,1.0,21.435,2.919,50
test,1.1,21.473,2.919,50
test,1.2,21.544,2.874,50
test,1.3,21.55,2.835,50
test,1.4,21.602,2.806,50
test,1.5,21.573,2.728,50
test,1.6,21.742,2.707,50
test,1.7,21.846,2.698,50
test,1.8,21.93,2.697,50
test,1.9,21.99,2.693,50
test,2.0,21.966,2.668,50
