epoch,step,train_l1,val_l1,seconds
0,1094,0.12036,0.07427,216.7
1,2189,0.07484,0.066,165.3
2,3286,0.0698,0.06231,164.0
3,4382,0.06641,0.06353,169.0
4,5478,0.06428,0.05997,163.4
5,6573,0.0632,0.05946,163.5
6,7668,0.06201,0.05944,163.5
7,8765,0.06144,0.05674,163.9
8,9862,0.06039,0.05801,168.9
9,10959,0.05998,0.05941,163.5
10,12053,0.05941,0.05579,163.4
11,13148,0.05896,0.05695,164.1
12,14245,0.05846,0.05481,164.0
13,15341,0.05812,0.05631,164.0
14,16438,0.0577,0.05448,163.9
15,17529,0.05747,0.05583,162.0
16,18624,0.05697,0.05374,159.3
17,19717,0.05672,0.05392,149.6
18,20814,0.05639,0.05453,148.3
19,21908,0.05607,0.05312,162.4
20,23002,0.05596,0.05426,163.8
21,24099,0.05553,0.05303,163.9
22,25192,0.05544,0.05263,167.0
23,26288,0.05516,0.05247,164.3
24,27385,0.05501,0.05226,164.4
25,28480,0.05475,0.05249,163.9
26,29575,0.05452,0.0513,163.6
27,30672,0.05447,0.05248,163.9
28,31766,0.05418,0.05159,163.8
29,32859,0.05406,0.05112,163.4
30,33954,0.05388,0.05095,144.2
31,35049,0.05359,0.05123,139.0
32,36146,0.05367,0.05094,139.3
33,37241,0.05353,0.05056,139.3
34,38335,0.05336,0.05059,138.7
35,39431,0.05323,0.05055,140.6
36,40526,0.05302,0.0503,139.2
37,41625,0.05285,0.05019,139.0
38,42722,0.05295,0.05004,140.8
39,43818,0.05268,0.04986,140.2
40,44912,0.05258,0.04999,686.1
41,46006,0.05253,0.05011,451.9
42,47103,0.05249,0.04982,250.4
43,48200,0.05235,0.04984,166.6
44,49297,0.05244,0.0497,185.8
45,50390,0.05236,0.04975,191.2
46,51486,0.05233,0.04981,208.2
47,52583,0.05226,0.04966,190.2
48,53678,0.0522,0.04977,191.1
49,54776,0.05224,0.04951,192.2
